<?xml version="1.0"?>

<!DOCTYPE document SYSTEM "./dtd/document-v10.dtd">

<document>
  <header>
    <title>Jesktop Documentation</title>
    <subtitle>Contact</subtitle>
    <authors>
      <person id="PH" name="Paul Hammant" email="Paul_Hammant@yahoo.com"/>
    </authors>
    <notice>
      Jesktop documentation is under construction.  Everything you
      can find outside this page is to be considered obsolete.
    </notice>
  </header>
  <body>
    <s1 title="Contacting us.">
      <s2 title="Developers">
      <p>For people interested in the developer chatter of the people developing Jesktop</p>
      <p>
        Go to <link href="http://lists.sourceforge.net/lists/listinfo/jesktop-developer">http://lists.sourceforge.net/lists/listinfo/jesktop-developer</link> to subscribe.  
      </p>            
      </s2>
    </s1>
  </body>
  <footer>
    <legal>
      Copyright (c) @year@ The Jesktop Project Committers. All rights reserved.
    </legal>
  </footer>
</document>
