<?xml version="1.0"?>

<!DOCTYPE document SYSTEM "./dtd/document-v10.dtd">

<document>
  <header>
    <title>Jesktop Documentation</title>
    <subtitle>Our CVS source repository</subtitle>
    <authors>
      <person id="PH" name="Paul Hammant" email="Paul_Hammant@yahoo.com"/>
    </authors>
    <notice>
      Jesktop documentation is under construction.  Everything you
      can find outside this page is to be considered obsolete.
    </notice>
  </header>
  <body>
    <s1 title="CVS details">
      <p>
	Our CVS repository is mounted at SourceForge.	
      </p>
      <p>
	See SourceForge's <link href="http://sourceforge.net/cvs/?group_id=43962">page</link> for CVS configuration details.  There are multiple modules.  See <link href="http://cvs.sourceforge.net/cgi-bin/viewcvs.cgi/jesktop/">page</link> for the module names.  They will all have to be placed relatively next to each other in a directory for building to work.  We use Ant (see below) to build the apps.
      </p>            
    </s1>
    <s1 title="A word about Ant">
      <p>
	Jesktop uses Ant for a platform neutral building.  What doesn't nowadays?  It wants to use it's own ant, not the one you may have installed.  <strong>As such it needs two things from you before starting:</strong>
      </p>	
      <ol>
        <li>
          Environmental variable JAVA_HOME set to the correct directory.  Sun describe this in their Java installation procedures.
        </li>
        <li>
          Environmental variable PATH to have JAVA_HOME/bin as one of it's colon or semi colon separated entries.
        </li>
      </ol>      	
    </s1>    
   </body>
  <footer>
    <legal>
      Copyright (c) @year@ The Jesktop Project Committers. All rights reserved.
    </legal>
  </footer>
</document>
