<?xml version="1.0"?>

<!DOCTYPE document SYSTEM "./dtd/document-v10.dtd">

<document>
  <header>
    <title>Jesktop Documentation</title>
    <subtitle>Downloads</subtitle>
    <authors>
      <person id="WB" name="William Beebe" email="bill_beebe@yahoo.com"/>
      <person id="PH" name="Paul Hammant" email="Paul_Hammant@yahoo.com"/>
    </authors>
    <notice>
      Jesktop documentation is under construction.  Everything you
      can find outside this page is to be considered obsolete.
    </notice>
  </header>
  <body>
    <s1 title="About Downloading">
      <p>
       <strong>Using Netscape or Mozilla?</strong> If you're using Netscape for downloading, you might want to use the "Save As" feature as prompted via a right click.  This is because Netscape thinks it should install jars into itself if left-clicked.  Doh!
      </p>
    </s1>
    <s1 title="Jesktop Reference Implementation">
      <p>
        This is hosted by sourceforge at <link href="http://www.jesktop.com">www.jesktop.com</link>.
      </p>
    </s1>    
    <s1 title="Applications for Jesktop">
      <p>
        Applications for Jesktop are listed on the <link href="http://www.jesktop.net">www.jesktop.net</link> website.  There are a couple of applications that come with Jesktop from the Apache site - "Explorer" and some miscellaenous apps.
      </p>
    </s1>
    <s1 title="Jesktop API Source">
      <p><strong>If you want to download and compile your own version of Jesktop API</strong></p>
      <p>
	A snapshot of the source depot.  You'll have to do some file copying and run some build scripts before running Jesktop.  Click - <link href="full_source_distributions/JesktopAPI_FullSourceDistribution.zip">zip</link> <link href="full_source_distributions/JesktopAPI_FullSourceDistribution.tar.gz">tar.gz</link>.
      </p>
      <p>
        For a raw view of the directory (so you can see file sizes) <link href="full_source_distributions/index.html">see this</link>.
      </p>      
    </s1>
    <s1 title="Jars and Interfaces for use with other projects">
      <p><strong>If you are a developer of a GUI app and want to include jars or classes to make it Jesktop compatible.</strong></p>
      <p>
        The API for Jesktop contained applications is available <link href="export/jesktop-frimble.jar">here</link> (@jesktop-frimble.jar.size@).  This is useful if you are planning to create your own Jesktop <strong>compatible</strong> applications.  For your own development, it is sufficuent for you to include the contained classes you jar.
      </p>
      <p>
        Three very simple demos that represent complete jesktop compatible applications are <link href="export/jesktop-frimble-demoapp1.jar">here</link> (@jesktop-frimble-demoapp1.jar.size@), <link href="export/jesktop-frimble-demoapp2.jar">here</link> (@jesktop-frimble-demoapp2.jar.size@) and <link href="export/jesktop-frimble-demoapp3.jar">here</link> (@jesktop-frimble-demoapp3.jar.size@).  They contain source.
      </p>      
      <p>
	FrimbleDemo demonstrates the use of the abstracted Frame/JinternalFrame Frimble library.  FrimbleDemo2 shows an alternative way of doing the same (perhaps simpler).  FrimbleDemo3 (in progress) shows an alternative being compatible with JavaWebStart too.
      </p>
      <p>
        The API for Jesktop's Kernel is available <link href="export/jesktop-api.jar">here</link> (@jesktop-api.jar.size@).  This is useful if you are planning to create your own Jesktop <strong>aware</strong> applications. This is a deeper and optional level to that above.
      </p>         
      <p>
        For a raw view of the directory (so you can see file sizes) <link href="export/index.html">see this</link>
      </p>
    </s1>
    <s1 title="Downloadable Documentation">
      <p><strong>If you are a developer and want to read about Jesktop things offline</strong></p>
      <p>
        For the API documentation on its own <link href="docs/Jesktop_APIDocumentation.zip">click here for zip</link> and <link href="docs/Jesktop_APIDocumentation.tar.gz">click here for tar.gz</link>
      </p>
      <p>
        For these web pages and API documentation together <link href="docs/Jesktop_FullDocumentation.zip">click here for zip</link> and <link href="docs/Jesktop_FullDocumentation.tar.gz">click here for tar.gz</link>
      </p>
      <p>
        For these web pages and <em>without</em> API documentation <link href="docs/Jesktop_WebDocumentation.zip">click here for zip</link> and <link href="docs/Jesktop_WebDocumentation.tar.gz">click here for tar.gz</link>
      </p>
      <p>
        For a raw view of the directory (so you can see file sizes) <link href="docs/index.html">see this</link>
      </p>
    </s1>
   </body>
  <footer>
    <legal>
      Copyright (c) @year@ The Jesktop Project Committers. All rights reserved.
    </legal>
  </footer>
</document>
