<?xml version="1.0"?>

<!DOCTYPE document SYSTEM "./dtd/document-v10.dtd">

<document>
  <header>
    <title>Jesktop Documentation</title>
    <subtitle>Operating Systems that could be hosts</subtitle>
    <authors>
      <person id="PH" name="Paul Hammant" email="Paul_Hammant@yahoo.com"/>
    </authors>
    <notice>
      Jesktop documentation is under construction.  Everything you
      can find outside this page is to be considered obsolete.
    </notice>
  </header>
  <body>
    <s1 title="Introduction">
      <p>
        Any OS that can provide a J2SE environment could be a host to Jesktop and <link href="http://www.nanocontainer.org">NanoContainer</link>.  That said, there are not many.  Manufacturers of lightweight and RTOSs have a fixation for Personal Java or J2ME on the KVM :-(
      </p>
    </s1>
    <s1 title="Full blown">
      <p>
        Windows and Linux are supported already.
      </p>
    </s1>
    <s1 title="For the Future">
      <p>
        AtheOS, QNX, VxWorks, Elate, (TODO).  It kinda really depends on the availablity of J2SE for those platforms and Ant supporting them.
      </p>    
    </s1>
  </body>
  <footer>
    <legal>
      Copyright (c) @year@ The Jesktop Project Committers. All rights reserved.
    </legal>
  </footer>
</document>