<?xml version="1.0"?>

<!DOCTYPE document SYSTEM "./dtd/document-v10.dtd">

<document>
  <header>
    <title>Jesktop Documentation</title>
    <subtitle>Installation</subtitle>
    <authors>
      <person id="WB" name="William Beebe" email="bill_beebe@yahoo.com"/>
      <person id="PH" name="Paul Hammant" email="Paul_Hammant@yahoo.com"/>
    </authors>
    <notice>
      Jesktop documentation is under construction.  Everything you
      can find outside this page is to be considered obsolete.
    </notice>
  </header>
  <body>
    <s1 title="Dependancies">
      <p>Jesktop wants <link href="http://www.nanocontainer.org">NanoContainer</link>.  <link href="http://www.nanocontainer.org">NanoContainer</link> needs JDK1.4 (to be built) or JRE 1.4 (to run on).  To build Jesktop, you'll need to have set two environmental varables:</p>
      <ol>
        <li>
    	  <strong>JAVA_HOME</strong>  e.g. c:\jdk1.4
        </li>
        <li>
          <strong>PATH</strong>  e.g. %PATH%;c:\jdk1.4\bin
        </li>
      </ol>
      <p>Jesktop, uses Apache's Ant system for building the classes and jars from source.  They both include their own version of Ant in their distribution. You don't need to download and install Ant separately.  In fact, if you have Ant installed, you may get some problems building Jesktop as the two versions might be incompatible.</p>
      <p>For those that haven't heard the news, Ant is the defacto standard for building Java based projects.  Read about it at Apache's <link href="http://jakarta.apache.org/ant">Ant website</link></p>
    </s1>
    <s1 title="Installation using the Full-Source distribution of Jesktop (which includes NanoContainer)">
    <p>
        There are multiple downloads for you to do, that range in size from 15Kb (JCalculator app) to 1.0Mb (Jesktop's source with <link href="http://www.nanocontainer.org">NanoContainer</link>). See <link href="downloads.html">Downloads</link> page.
    </p>
    <ol>
      <li>
        Download and unzip Jesktop and the separate applications zips.
      </li>
      <li>
        Go into jesktop/ or the root directory of whichever application you have downloaded and run "build".
      </li>
      <li>
        Also from the command line run "build docs" for Jesktop to make these documents and the API docs.
      </li>
      <li>
        Go into jesktop/phoenix/bin and run "run"
      </li>
      <li>
        Using Simple installer locate jars in their "dist" directories and install them. See <link href="builtinapps.html">Built-in apps</link> for more.
      </li>
      <li>
        Launch things from the Start button and play with them.
      </li>
    </ol>
    </s1>
  </body>
  <footer>
    <legal>
      Copyright (c) @year@ The Jesktop Project Committers. All rights reserved.
    </legal>
  </footer>
</document>
