<?xml version="1.0"?>

<!DOCTYPE document SYSTEM "./dtd/document-v10.dtd">

<document>
  <header>
    <title>Jesktop Documentation</title>
    <subtitle>Ant Tools</subtitle>
    <authors>
      <person id="PH" name="Paul Hammant" email="Paul_Hammant@yahoo.com"/>
    </authors>
    <notice>
      Jesktop documentation is under construction.  Everything you
      can find outside this page is to be considered obsolete.
    </notice>
  </header>
  <body>
    <s1 title="Ant">
      <p>     
	All Jesktop API and ported applications require Ant to compile correctly.  Download a suitable Ant from <link href="dist/ant/tools.zip">here</link> for windows and <link href="dist/ant/tools.tar.gz">here</link> for Unix.
      </p>
      <p>
        The contents need to be unpacked and placed in one of two places... either in the directry containing build.xml or it's parent directory.
      </p>
    </s1>
  </body>
  <footer>
    <legal>
      Copyright (c) @year@ The Jesktop Project Committers. All rights reserved.
    </legal>
  </footer>
</document>
