<?xml version="1.0"?>

<!DOCTYPE document SYSTEM "./dtd/document-v10.dtd">

<document>
  <header>
    <title>Jesktop Developer Documentation</title>
    <subtitle>Java Web Start</subtitle>
    <authors>
      <person id="PH" name="Paul Hammant" email="Paul_Hammant@yahoo.com"/>
    </authors>
    <notice>
      Jesktop documentation is under construction.  Everything you
      can find outside this page is to be considered obsolete.
    </notice>
  </header>
  <body>
    <s1 title="Overview">
      <p>
        Yes Jesktop apps are compatible with Java Web Start(tm).  This excellent Sun Microsystems technology is talked about here: <link href="http://www.javasoft.com/products/javawebstart/index.html">http://www.javasoft.com/products/javawebstart/index.html</link>
      </p>
    </s1>
    <s1 title="How?">
      <p>
        Well it's no different to other Frimble apps.  There a jnlp file that shows the packaging for Frimble based apps and it all runs under JWS control.
      </p>
    </s1>
    <s1 title="Show me!">
      <p>
        Well it's very unimpressive.  If you must, and after having installed JWS itself, click <link href="frimble-demo3.jnlp">here</link> to initiate the download of FrimbleDemo3 to JWS's context.
      </p>
    </s1>
    <s1 title="More detail please">
      <p>
        Here's the jnlp source:
      </p>
<source>
</source>
    </s1>

  </body>
  <footer>
    <legal>
      Copyright (c) @year@ The Jesktop Project Committers. All rights reserved.
    </legal>
  </footer>
</document>
